{"xgb_weight": 0.5214184558311515, "dl_weight": 0.47858154416884846}