{"xgb_weight": 0.5201408985710162, "dl_weight": 0.47985910142898375}