{"xgb_weight": 0.5171319550199152, "dl_weight": 0.48286804498008484}