{"xgb_weight": 0.5806370818956016, "dl_weight": 0.4193629181043984}